0.00;402.76
1.00;394.98
2.00;396.88
3.00;397.70
4.00;397.83
5.00;398.48
6.00;398.91
7.00;399.00
8.00;398.90
9.00;399.00
10.00;399.25
11.00;399.20
12.00;398.93
13.00;399.31
14.00;399.28
15.00;399.21
16.00;399.28
17.00;398.95
18.00;398.90
19.00;399.04
20.00;398.97
21.00;398.96
22.00;399.11
23.00;399.13
24.00;399.08
25.00;399.08
26.00;399.61
27.00;399.53
28.00;399.74
29.00;399.91
30.00;399.77
31.00;399.74
32.00;399.67
33.00;399.81
34.00;399.86
35.00;399.76
36.00;399.89
37.00;400.02
38.00;399.81
39.00;399.92
40.00;399.83
41.00;399.86
42.00;400.16
43.00;400.33
44.00;400.49
45.00;400.67
46.00;400.57
47.00;400.36
48.00;400.44
49.00;400.56
50.00;400.45
51.00;400.40
52.00;400.45
53.00;400.30
54.00;400.21
55.00;400.16
56.00;400.17
57.00;400.23
58.00;400.21
59.00;400.19
60.00;400.26
61.00;400.30
62.00;400.34
63.00;400.44
64.00;400.17
65.00;400.26
66.00;400.31
67.00;400.25
68.00;400.09
69.00;399.90
70.00;399.96
71.00;400.17
72.00;400.27
73.00;400.11
74.00;399.85
75.00;399.83
76.00;399.86
77.00;399.97
78.00;399.86
79.00;399.86
80.00;400.12
81.00;400.16
82.00;400.30
83.00;400.32
84.00;400.13
85.00;400.13
86.00;399.96
87.00;400.00
88.00;399.86
89.00;400.24
90.00;400.24
91.00;400.20
92.00;400.22
93.00;400.40
94.00;400.31
95.00;400.09
96.00;400.24
97.00;400.40
98.00;400.47
99.00;400.63
100.00;400.66
101.00;400.58
102.00;400.47
103.00;400.52
104.00;400.40
105.00;400.18
106.00;399.86
107.00;399.69
108.00;399.60
109.00;399.78
110.00;399.83
111.00;399.80
112.00;399.77
113.00;399.83
114.00;399.50
115.00;399.47
116.00;399.44
117.00;399.26
118.00;399.05
119.00;399.06
120.00;399.15
121.00;398.90
122.00;398.80
123.00;398.80
124.00;398.82
125.00;398.89
126.00;398.74
127.00;398.82
128.00;398.75
129.00;398.77
130.00;398.93
131.00;399.08
132.00;399.09
133.00;399.17
134.00;399.24
135.00;399.29
136.00;399.33
137.00;399.33
138.00;399.54
139.00;399.82
140.00;399.95
141.00;399.87
142.00;400.14
143.00;400.15
144.00;400.34
145.00;400.24
146.00;400.39
147.00;400.38
148.00;400.36
149.00;400.26
150.00;400.29
151.00;400.62
152.00;400.51
153.00;400.52
154.00;400.66
155.00;400.66
156.00;400.75
157.00;400.86
158.00;400.85
159.00;400.80
160.00;400.58
161.00;400.50
162.00;400.43
163.00;400.19
164.00;400.11
165.00;400.21
166.00;400.31
167.00;400.24
168.00;400.41
169.00;400.42
170.00;400.57
171.00;400.34
172.00;400.32
173.00;400.38
174.00;400.35
175.00;400.09
176.00;400.12
177.00;400.16
178.00;400.01
179.00;399.91
180.00;399.84
181.00;399.94
182.00;399.89
183.00;399.84
184.00;399.89
185.00;400.10
186.00;400.33
187.00;400.18
188.00;400.38
189.00;400.40
190.00;400.16
191.00;399.94
192.00;400.07
193.00;400.06
194.00;400.14
195.00;400.17
196.00;400.31
197.00;400.20
198.00;400.14
199.00;400.27
200.00;400.29
201.00;400.26
202.00;400.28
203.00;400.43
204.00;400.28
205.00;400.41
206.00;400.29
207.00;400.39
208.00;400.23
209.00;399.98
210.00;399.86
211.00;399.58
212.00;399.85
213.00;399.79
214.00;399.72
215.00;399.70
216.00;399.99
217.00;399.87
218.00;399.89
219.00;399.57
220.00;399.53
221.00;399.55
222.00;399.43
223.00;399.47
224.00;399.46
225.00;399.66
226.00;399.58
227.00;399.45
228.00;399.56
229.00;399.71
230.00;399.50
231.00;399.49
232.00;399.29
233.00;399.50
234.00;399.70
235.00;399.65
236.00;399.81
237.00;399.61
238.00;399.49
239.00;399.40
240.00;399.42
241.00;399.20
242.00;399.10
243.00;398.91
244.00;398.97
245.00;399.05
246.00;399.05
247.00;399.34
248.00;399.40
249.00;399.42
250.00;399.21
251.00;399.37
252.00;399.58
253.00;399.57
254.00;399.67
255.00;399.70
256.00;399.69
257.00;399.72
258.00;399.82
259.00;399.75
260.00;399.80
261.00;399.95
262.00;400.18
263.00;400.19
264.00;400.24
265.00;400.38
266.00;400.49
267.00;400.50
268.00;400.53
269.00;400.44
270.00;400.31
271.00;400.37
272.00;400.34
273.00;400.40
274.00;400.49
275.00;400.62
276.00;400.49
277.00;400.27
278.00;400.24
279.00;400.13
280.00;400.17
281.00;400.13
282.00;400.03
283.00;399.78
284.00;399.79
285.00;399.86
286.00;399.67
287.00;399.47
288.00;399.59
289.00;399.75
290.00;399.81
291.00;399.74
292.00;399.73
293.00;399.78
294.00;399.85
295.00;399.85
296.00;399.78
297.00;399.77
298.00;399.51
299.00;399.35
300.00;399.46
301.00;399.36
302.00;399.43
303.00;399.56
304.00;399.74
305.00;399.81
306.00;399.99
307.00;400.06
308.00;400.06
309.00;400.13
310.00;400.13
311.00;400.14
312.00;400.14
313.00;400.05
314.00;400.02
315.00;399.93
316.00;400.12
317.00;400.18
318.00;400.20
319.00;400.23
320.00;400.27
321.00;400.14
322.00;400.12
323.00;400.35
324.00;400.33
325.00;400.36
326.00;400.49
327.00;400.36
328.00;400.36
329.00;400.25
330.00;400.25
331.00;400.16
332.00;400.28
333.00;400.24
334.00;400.16
335.00;400.03
336.00;400.13
337.00;400.23
338.00;400.43
339.00;400.29
340.00;400.23
341.00;400.15
342.00;400.32
343.00;400.40
344.00;400.49
345.00;400.57
346.00;400.61
347.00;400.49
348.00;400.42
349.00;400.57
350.00;400.30
351.00;400.27
352.00;400.26
353.00;400.03
354.00;400.05
355.00;400.10
356.00;399.93
357.00;399.83
358.00;399.97
359.00;400.16
360.00;400.13
361.00;400.26
362.00;400.26
363.00;400.09
364.00;400.10
365.00;400.20
366.00;400.08
367.00;399.86
368.00;399.74
369.00;399.61
370.00;399.50
371.00;399.73
372.00;399.94
373.00;399.96
374.00;399.99
375.00;400.10
376.00;400.20
377.00;400.22
378.00;400.59
379.00;400.55
380.00;400.54
381.00;400.58
382.00;400.59
383.00;400.62
384.00;400.36
385.00;400.46
386.00;400.38
387.00;400.24
388.00;400.34
389.00;400.40
390.00;400.44
391.00;400.57
392.00;400.78
393.00;400.87
394.00;400.84
395.00;400.87
396.00;400.68
397.00;400.54
398.00;400.46
399.00;400.35
400.00;400.25
401.00;400.34
402.00;400.32
403.00;399.89
404.00;399.89
405.00;399.67
406.00;399.66
407.00;399.82
408.00;399.61
409.00;399.82
410.00;399.91
411.00;399.77
412.00;399.66
413.00;399.55
414.00;399.50
415.00;399.53
416.00;399.51
417.00;399.37
418.00;399.39
419.00;399.58
420.00;399.55
421.00;399.50
422.00;399.63
423.00;399.64
424.00;399.74
425.00;399.96
426.00;399.57
427.00;399.74
428.00;399.80
429.00;399.66
430.00;399.87
431.00;399.87
432.00;399.73
433.00;399.81
434.00;399.62
435.00;399.51
436.00;399.57
437.00;399.89
438.00;400.10
439.00;399.89
440.00;399.66
441.00;399.64
442.00;399.56
443.00;399.59
444.00;399.51
445.00;399.60
446.00;399.77
447.00;399.51
448.00;399.62
449.00;399.52
450.00;399.40
451.00;399.78
452.00;399.70
453.00;399.89
454.00;399.94
455.00;399.84
456.00;399.97
457.00;400.14
458.00;400.38
459.00;400.39
460.00;400.38
461.00;400.30
462.00;400.17
463.00;400.08
464.00;400.19
465.00;400.29
466.00;400.26
467.00;400.32
468.00;400.29
469.00;400.20
470.00;400.21
471.00;400.07
472.00;400.20
473.00;400.28
474.00;400.42
475.00;400.44
476.00;400.29
477.00;400.30
478.00;400.18
479.00;400.25
480.00;400.23
481.00;400.34
482.00;400.03
483.00;400.00
484.00;399.99
485.00;399.91
486.00;399.97
487.00;399.90
488.00;399.79
489.00;399.90
490.00;399.97
491.00;400.12
492.00;400.13
493.00;399.99
494.00;400.18
495.00;400.27
496.00;400.29
497.00;400.26
498.00;400.08
499.00;400.03
500.00;400.11
501.00;400.10
502.00;400.21
503.00;400.22
504.00;400.20
505.00;400.31
506.00;400.22
507.00;400.36
508.00;400.21
509.00;400.30
510.00;400.24
511.00;400.22
512.00;400.46
513.00;400.47
514.00;400.49
515.00;400.42
516.00;400.33
517.00;400.36
518.00;400.41
519.00;400.36
520.00;400.16
521.00;400.27
522.00;400.49
523.00;400.62
524.00;400.43
525.00;400.32
526.00;400.35
527.00;400.14
528.00;400.23
529.00;400.16
530.00;400.05
531.00;400.17
532.00;400.26
533.00;400.33
534.00;400.29
535.00;400.43
536.00;400.25
537.00;400.22
538.00;400.21
539.00;400.11
540.00;399.98
541.00;399.92
542.00;399.90
543.00;399.95
544.00;399.88
545.00;400.02
546.00;399.97
547.00;399.74
548.00;399.81
549.00;399.99
550.00;400.16
551.00;400.23
552.00;400.39
553.00;400.42
554.00;400.58
555.00;400.58
556.00;400.57
557.00;400.67
558.00;400.61
559.00;400.74
560.00;400.88
561.00;401.18
562.00;400.95
563.00;400.88
564.00;400.83
565.00;401.08
566.00;401.15
567.00;401.21
568.00;401.11
569.00;401.08
570.00;400.97
571.00;400.99
572.00;400.95
573.00;400.79
574.00;400.79
575.00;400.55
576.00;400.19
577.00;400.17
578.00;399.90
579.00;399.90
580.00;399.95
581.00;399.92
582.00;399.75
583.00;399.91
584.00;399.70
585.00;399.51
586.00;399.31
587.00;399.46
588.00;399.37
589.00;399.57
590.00;399.41
591.00;399.24
592.00;399.07
593.00;399.10
594.00;399.14
595.00;399.09
596.00;399.09
597.00;399.02
598.00;399.23
599.00;399.22
600.00;399.30
601.00;399.72
602.00;399.78
603.00;400.06
604.00;400.06
605.00;400.14
606.00;399.94
607.00;400.15
608.00;399.95
609.00;399.99
610.00;400.12
611.00;400.22
612.00;400.17
613.00;400.11
614.00;400.19
615.00;400.20
616.00;400.44
617.00;400.67
618.00;400.81
619.00;400.88
620.00;400.78
621.00;400.79
622.00;400.84
623.00;400.72
624.00;400.73
625.00;400.88
626.00;400.74
627.00;400.68
628.00;400.65
629.00;400.74
630.00;400.75
631.00;400.66
632.00;400.52
633.00;400.67
634.00;400.83
635.00;400.82
636.00;400.79
637.00;400.78
638.00;401.10
639.00;400.94
640.00;401.02
641.00;401.04
642.00;400.81
643.00;400.68
644.00;400.64
645.00;400.71
646.00;400.79
647.00;400.89
648.00;400.88
649.00;400.92
650.00;400.76
651.00;400.69
652.00;400.70
653.00;400.58
654.00;400.38
655.00;400.28
656.00;400.49
657.00;400.61
658.00;400.63
659.00;400.52
660.00;400.46
661.00;400.55
662.00;400.69
663.00;400.67
664.00;400.73
665.00;400.64
666.00;400.47
667.00;400.44
668.00;400.44
669.00;400.40
670.00;400.42
671.00;400.41
672.00;400.46
673.00;400.47
674.00;400.36
675.00;400.23
676.00;400.34
677.00;400.29
678.00;400.32
679.00;400.46
680.00;400.46
681.00;400.58
682.00;400.46
683.00;400.39
684.00;400.36
685.00;400.30
686.00;400.15
687.00;400.00
688.00;399.89
689.00;399.94
690.00;400.02
691.00;400.17
692.00;400.45
693.00;400.55
694.00;400.60
695.00;400.59
696.00;400.40
697.00;400.37
698.00;400.32
699.00;400.40
700.00;400.50
701.00;400.40
702.00;400.31
703.00;400.51
704.00;400.37
705.00;400.29
706.00;400.17
707.00;400.14
708.00;400.03
709.00;400.16
710.00;400.14
711.00;400.29
712.00;400.45
713.00;400.56
714.00;400.28
715.00;400.26
716.00;400.18
717.00;399.90
718.00;399.84
719.00;399.69
720.00;399.86
721.00;399.87
722.00;399.80
723.00;399.82
724.00;399.80
725.00;399.74
726.00;399.71
727.00;399.76
728.00;399.54
729.00;399.64
730.00;399.58
731.00;399.70
732.00;399.58
733.00;399.63
734.00;399.46
735.00;399.50
736.00;399.38
737.00;399.19
738.00;399.16
739.00;399.36
740.00;399.17
741.00;399.14
742.00;399.31
743.00;399.19
744.00;399.43
745.00;399.40
746.00;399.54
747.00;399.69
748.00;399.62
749.00;399.75
750.00;399.82
751.00;399.65
752.00;399.59
753.00;399.55
754.00;399.56
755.00;399.53
756.00;399.58
757.00;399.78
758.00;399.68
759.00;399.81
760.00;399.89
761.00;399.97
762.00;399.99
763.00;399.81
764.00;399.58
765.00;399.81
766.00;399.88
767.00;399.75
768.00;399.82
769.00;399.79
770.00;399.60
771.00;399.66
772.00;399.48
773.00;399.40
774.00;399.23
775.00;399.42
776.00;399.56
777.00;399.63
778.00;399.74
779.00;399.67
780.00;399.74
781.00;399.65
782.00;399.54
783.00;399.64
784.00;399.61
785.00;399.53
786.00;399.63
787.00;399.77
788.00;399.88
789.00;399.88
790.00;399.72
791.00;399.69
792.00;399.76
793.00;399.92
794.00;399.91
795.00;399.87
796.00;399.63
797.00;399.69
798.00;399.80
799.00;399.67
800.00;399.57
801.00;399.53
802.00;399.63
803.00;399.52
804.00;399.62
805.00;399.61
806.00;399.43
807.00;399.46
808.00;399.55
809.00;399.74
810.00;399.78
811.00;399.56
812.00;399.53
813.00;399.60
814.00;399.67
815.00;399.83
816.00;399.91
817.00;399.91
818.00;399.69
819.00;399.74
820.00;400.02
821.00;400.16
822.00;400.16
823.00;400.11
824.00;400.30
825.00;400.28
826.00;400.40
827.00;400.27
828.00;400.24
829.00;400.19
830.00;400.32
831.00;400.34
832.00;400.22
833.00;400.02
834.00;399.85
835.00;399.82
836.00;399.85
837.00;399.74
838.00;399.63
839.00;399.98
840.00;399.90
841.00;399.86
842.00;399.91
843.00;399.94
844.00;399.69
845.00;399.67
846.00;399.44
847.00;399.42
848.00;399.30
849.00;399.28
850.00;399.18
851.00;399.23
852.00;399.25
853.00;399.30
854.00;399.16
855.00;399.26
856.00;399.29
857.00;399.38
858.00;399.64
859.00;399.68
860.00;399.76
861.00;399.74
862.00;399.88
863.00;399.90
864.00;399.72
865.00;399.72
866.00;399.80
867.00;399.71
868.00;399.67
869.00;399.74
870.00;399.68
871.00;399.82
872.00;399.77
873.00;400.06
874.00;399.97
875.00;399.98
876.00;399.95
877.00;399.94
878.00;399.89
879.00;399.92
880.00;399.68
881.00;399.65
882.00;399.58
883.00;399.39
884.00;399.36
885.00;399.13
886.00;399.49
887.00;399.38
888.00;399.41
889.00;399.37
890.00;399.36
891.00;399.25
892.00;399.28
893.00;399.37
894.00;399.45
895.00;399.48
896.00;399.59
897.00;399.69
898.00;399.62
899.00;399.58
900.00;399.58
901.00;399.59
902.00;399.57
903.00;399.76
904.00;399.87
905.00;400.05
906.00;400.21
907.00;400.32
908.00;400.35
909.00;400.40
910.00;400.61
911.00;400.43
912.00;400.60
913.00;400.65
914.00;400.74
915.00;400.86
916.00;400.88
917.00;400.89
918.00;401.07
919.00;401.00
920.00;400.94
921.00;400.91
922.00;401.03
923.00;401.01
924.00;401.06
925.00;401.02
926.00;401.01
927.00;401.00
928.00;400.95
929.00;400.86
930.00;400.67
931.00;400.50
932.00;400.25
933.00;400.13
934.00;400.14
935.00;400.14
936.00;400.14
937.00;399.94
938.00;399.91
939.00;399.90
940.00;399.84
941.00;399.92
942.00;399.89
943.00;399.69
944.00;399.72
945.00;399.84
946.00;399.73
947.00;399.62
948.00;399.59
949.00;399.58
950.00;399.58
951.00;399.52
952.00;399.54
953.00;399.59
954.00;399.54
955.00;399.68
956.00;399.75
957.00;400.18
958.00;400.22
959.00;400.19
960.00;400.30
961.00;400.21
962.00;400.31
963.00;400.28
964.00;400.23
965.00;400.14
966.00;400.09
967.00;400.02
968.00;400.06
969.00;400.03
970.00;399.87
971.00;399.67
972.00;399.61
973.00;399.67
974.00;399.61
975.00;399.64
976.00;399.55
977.00;399.63
978.00;399.74
979.00;399.76
980.00;399.68
981.00;399.79
982.00;399.65
983.00;399.63
984.00;399.58
985.00;399.36
986.00;399.29
987.00;399.39
988.00;399.36
989.00;399.32
990.00;399.46
991.00;399.40
992.00;399.57
993.00;399.41
994.00;399.47
995.00;399.31
996.00;399.42
997.00;399.28
998.00;399.31
999.00;399.58
1000.00;399.65
1001.00;399.54
1002.00;399.52
1003.00;399.32
1004.00;399.42
1005.00;399.58
1006.00;399.46
1007.00;399.36
1008.00;399.57
1009.00;399.67
1010.00;399.68
1011.00;399.72
1012.00;399.59
1013.00;399.66
1014.00;399.46
1015.00;399.36
1016.00;399.50
1017.00;399.39
1018.00;399.56
1019.00;399.75
1020.00;399.81
1021.00;400.10
1022.00;400.44
1023.00;400.32
1024.00;400.31
1025.00;400.41
1026.00;400.64
1027.00;400.74
1028.00;400.79
1029.00;400.83
1030.00;400.58
1031.00;400.60
1032.00;400.71
1033.00;400.78
1034.00;400.78
1035.00;400.93
1036.00;401.08
1037.00;401.14
1038.00;401.18
1039.00;401.39
1040.00;401.39
1041.00;401.37
1042.00;401.17
1043.00;401.15
1044.00;400.97
1045.00;401.15
1046.00;400.92
1047.00;400.63
1048.00;400.50
1049.00;400.47
1050.00;400.42
1051.00;400.43
1052.00;400.28
1053.00;400.19
1054.00;400.31
1055.00;400.43
1056.00;400.42
1057.00;400.48
1058.00;400.18
1059.00;400.05
1060.00;400.07
1061.00;399.87
1062.00;399.73
1063.00;399.70
1064.00;399.82
1065.00;399.76
1066.00;399.56
1067.00;399.78
1068.00;399.74
1069.00;399.81
1070.00;399.80
1071.00;400.03
1072.00;400.21
1073.00;400.30
1074.00;400.22
1075.00;400.28
1076.00;400.31
1077.00;400.52
1078.00;400.42
1079.00;400.30
1080.00;400.33
1081.00;400.38
1082.00;400.25
1083.00;400.21
1084.00;400.12
1085.00;400.07
1086.00;400.17
1087.00;400.43
1088.00;400.33
1089.00;400.16
1090.00;400.17
1091.00;400.21
1092.00;400.24
1093.00;400.00
1094.00;399.98
1095.00;399.96
1096.00;399.80
1097.00;399.69
1098.00;399.82
1099.00;399.63
1100.00;399.55
1101.00;399.45
1102.00;399.26
1103.00;399.31
1104.00;399.20
1105.00;399.21
1106.00;399.11
1107.00;399.15
1108.00;399.37
1109.00;399.41
1110.00;399.43
1111.00;399.29
1112.00;399.18
1113.00;399.26
1114.00;399.53
1115.00;399.57
1116.00;399.75
1117.00;399.77
1118.00;400.04
1119.00;399.86
1120.00;399.79
1121.00;399.79
1122.00;399.79
1123.00;399.95
1124.00;400.17
1125.00;400.32
1126.00;400.40
1127.00;400.43
1128.00;400.52
1129.00;400.54
1130.00;400.45
1131.00;400.65
1132.00;400.51
1133.00;400.51
1134.00;400.68
1135.00;400.62
1136.00;400.78
1137.00;400.64
1138.00;400.57
1139.00;400.52
1140.00;400.60
1141.00;400.29
1142.00;400.36
1143.00;400.47
1144.00;400.48
1145.00;400.51
1146.00;400.47
1147.00;400.49
1148.00;400.22
1149.00;400.20
1150.00;399.78
1151.00;399.78
1152.00;399.89
1153.00;400.00
1154.00;400.07
1155.00;400.15
1156.00;400.09
1157.00;400.21
1158.00;400.06
1159.00;399.97
1160.00;399.85
1161.00;399.63
1162.00;399.84
1163.00;400.09
1164.00;399.95
1165.00;399.74
1166.00;400.00
1167.00;399.96
1168.00;399.88
1169.00;399.96
1170.00;399.94
1171.00;400.15
1172.00;400.16
1173.00;400.39
1174.00;400.18
1175.00;400.40
1176.00;400.20
1177.00;400.05
1178.00;399.95
1179.00;400.06
1180.00;399.82
1181.00;399.79
1182.00;399.85
1183.00;400.01
1184.00;399.97
1185.00;399.97
1186.00;400.22
1187.00;400.16
1188.00;399.99
1189.00;399.84
1190.00;400.08
1191.00;400.04
1192.00;399.86
1193.00;399.91
1194.00;399.94
1195.00;400.08
1196.00;399.90
1197.00;399.95
1198.00;399.78
1199.00;399.92
1200.00;400.06
1201.00;400.18
1202.00;400.24
1203.00;400.23
1204.00;400.01
1205.00;400.13
1206.00;400.03
1207.00;399.89
1208.00;399.95
1209.00;399.94
1210.00;400.15
1211.00;399.85
1212.00;399.66
1213.00;399.52
1214.00;399.61
1215.00;399.56
1216.00;399.52
1217.00;399.56
1218.00;399.41
1219.00;399.35
1220.00;399.21
1221.00;399.26
1222.00;399.28
1223.00;399.29
1224.00;399.27
1225.00;399.15
1226.00;399.12
1227.00;399.20
1228.00;399.28
1229.00;399.44
1230.00;399.50
1231.00;399.54
1232.00;399.61
1233.00;399.54
1234.00;399.69
1235.00;399.53
1236.00;399.73
1237.00;399.87
1238.00;400.05
1239.00;399.97
1240.00;399.99
1241.00;400.11
1242.00;400.06
1243.00;400.12
1244.00;400.23
1245.00;400.16
1246.00;400.19
1247.00;400.17
1248.00;399.94
1249.00;400.00
1250.00;399.96
1251.00;399.98
1252.00;399.80
1253.00;399.67
1254.00;399.58
1255.00;399.68
1256.00;399.61
1257.00;399.49
1258.00;399.35
1259.00;399.25
1260.00;399.29
1261.00;399.32
1262.00;399.17
1263.00;399.18
1264.00;399.38
1265.00;399.38
1266.00;399.30
1267.00;399.31
1268.00;399.25
1269.00;399.24
1270.00;399.23
1271.00;399.22
1272.00;399.25
1273.00;399.47
1274.00;399.41
1275.00;399.52
1276.00;399.61
1277.00;399.81
1278.00;399.94
1279.00;399.92
1280.00;399.95
1281.00;400.16
1282.00;400.45
1283.00;400.61
1284.00;400.59
1285.00;400.47
1286.00;400.38
1287.00;400.55
1288.00;400.60
1289.00;400.59
1290.00;400.52
1291.00;400.52
1292.00;400.78
1293.00;400.86
1294.00;400.74
1295.00;400.82
1296.00;400.76
1297.00;400.54
1298.00;400.47
1299.00;400.50
1300.00;400.36
1301.00;400.20
1302.00;400.17
1303.00;400.09
1304.00;399.97
1305.00;399.83
1306.00;399.67
1307.00;399.44
1308.00;399.27
1309.00;399.39
1310.00;399.54
1311.00;399.67
1312.00;399.54
1313.00;399.36
1314.00;399.29
1315.00;399.36
1316.00;399.46
1317.00;399.35
1318.00;399.31
1319.00;399.22
1320.00;399.27
1321.00;399.14
1322.00;399.43
1323.00;399.51
1324.00;399.67
1325.00;400.06
1326.00;400.19
1327.00;400.12
1328.00;400.14
1329.00;400.38
1330.00;400.52
1331.00;400.52
1332.00;400.62
1333.00;400.59
1334.00;400.57
1335.00;400.45
1336.00;400.45
1337.00;400.61
1338.00;400.68
1339.00;400.58
1340.00;400.63
1341.00;400.48
1342.00;400.42
1343.00;400.58
1344.00;400.68
1345.00;400.78
1346.00;400.87
1347.00;400.79
1348.00;400.78
1349.00;400.59
1350.00;400.29
1351.00;400.14
1352.00;400.09
1353.00;399.96
1354.00;399.92
1355.00;399.73
1356.00;399.80
1357.00;399.86
1358.00;400.05
1359.00;399.85
1360.00;399.92
1361.00;399.93
1362.00;399.88
1363.00;400.09
1364.00;400.18
1365.00;400.02
1366.00;400.06
1367.00;400.23
1368.00;399.91
1369.00;399.92
1370.00;399.63
1371.00;399.71
1372.00;399.65
1373.00;399.68
1374.00;399.73
1375.00;399.77
1376.00;400.05
1377.00;400.10
1378.00;400.23
1379.00;400.15
1380.00;400.14
1381.00;400.16
1382.00;400.00
1383.00;399.89
1384.00;400.03
1385.00;399.99
1386.00;399.97
1387.00;399.86
1388.00;399.60
1389.00;399.71
1390.00;399.80
1391.00;399.70
1392.00;399.69
1393.00;399.95
1394.00;399.92
1395.00;400.03
1396.00;400.11
1397.00;400.09
1398.00;399.97
1399.00;399.98
1400.00;400.01
1401.00;399.98
1402.00;399.92
1403.00;399.90
1404.00;400.00
1405.00;400.03
1406.00;399.91
1407.00;399.95
1408.00;399.93
1409.00;399.92
1410.00;400.01
1411.00;400.11
1412.00;400.29
1413.00;400.24
1414.00;400.01
1415.00;399.96
1416.00;400.10
1417.00;400.00
1418.00;399.84
1419.00;399.99
1420.00;400.06
1421.00;399.96
1422.00;400.03
1423.00;399.96
1424.00;399.96
1425.00;399.88
1426.00;399.72
1427.00;399.86
1428.00;400.08
1429.00;400.09
1430.00;400.17
1431.00;400.22
1432.00;400.11
1433.00;400.13
1434.00;400.21
1435.00;400.28
1436.00;400.15
1437.00;399.95
1438.00;400.08
1439.00;400.17
1440.00;400.29
1441.00;400.27
1442.00;400.29
1443.00;400.45
1444.00;400.29
1445.00;400.30
1446.00;400.38
1447.00;400.46
1448.00;400.61
1449.00;400.48
1450.00;400.51
1451.00;400.59
1452.00;400.56
1453.00;400.44
1454.00;400.36
1455.00;400.42
1456.00;400.55
1457.00;400.75
1458.00;400.98
1459.00;400.80
1460.00;400.73
1461.00;400.68
1462.00;400.68
1463.00;400.73
1464.00;400.70
1465.00;400.56
1466.00;400.46
1467.00;400.50
1468.00;400.67
1469.00;400.61
1470.00;400.59
1471.00;400.52
1472.00;400.38
1473.00;400.45
1474.00;400.58
1475.00;400.54
1476.00;400.45
1477.00;400.40
1478.00;400.29
1479.00;400.19
1480.00;400.10
1481.00;399.93
1482.00;399.85
1483.00;399.54
1484.00;399.58
1485.00;399.41
1486.00;399.42
1487.00;399.49
1488.00;399.49
1489.00;399.53
1490.00;399.53
1491.00;399.73
1492.00;399.75
1493.00;399.61
1494.00;399.87
1495.00;399.94
1496.00;399.83
1497.00;400.02
1498.00;400.13
1499.00;400.08
1500.00;400.34
1501.00;400.37
1502.00;400.44
1503.00;400.33
1504.00;400.43
1505.00;400.37
1506.00;400.48
1507.00;400.64
1508.00;400.80
1509.00;400.82
1510.00;401.08
1511.00;401.31
1512.00;401.34
1513.00;401.29
1514.00;401.39
1515.00;401.55
1516.00;401.41
1517.00;401.15
1518.00;401.00
1519.00;400.73
1520.00;400.57
1521.00;400.68
1522.00;400.61
1523.00;400.38
1524.00;400.47
1525.00;400.22
1526.00;400.36
1527.00;400.35
1528.00;400.37
1529.00;400.37
1530.00;400.45
1531.00;400.49
1532.00;400.35
1533.00;400.29
1534.00;400.28
1535.00;399.97
1536.00;399.80
1537.00;399.86
1538.00;399.76
1539.00;399.67
1540.00;399.71
1541.00;399.89
1542.00;400.03
1543.00;400.10
1544.00;400.24
1545.00;400.40
1546.00;400.22
1547.00;400.14
1548.00;400.11
1549.00;399.95
1550.00;399.96
1551.00;399.93
1552.00;399.84
1553.00;399.89
1554.00;399.91
1555.00;399.95
1556.00;399.91
1557.00;399.99
1558.00;400.00
1559.00;400.08
1560.00;400.42
1561.00;400.41
1562.00;400.24
1563.00;400.39
1564.00;400.41
1565.00;400.23
1566.00;400.10
1567.00;400.27
1568.00;400.16
1569.00;400.26
1570.00;400.15
1571.00;400.27
1572.00;400.26
1573.00;400.38
1574.00;400.42
1575.00;400.41
1576.00;400.34
1577.00;400.49
1578.00;400.51
1579.00;400.52
1580.00;400.46
1581.00;400.25
1582.00;400.20
1583.00;400.33
1584.00;400.13
1585.00;400.11
1586.00;400.11
1587.00;400.22
1588.00;400.14
1589.00;400.09
1590.00;400.22
1591.00;400.11
1592.00;399.93
1593.00;399.98
1594.00;399.85
1595.00;399.89
1596.00;400.03
1597.00;400.02
1598.00;399.96
1599.00;400.11
1600.00;400.12
1601.00;400.25
1602.00;400.11
1603.00;400.02
1604.00;399.97
1605.00;399.92
1606.00;400.00
1607.00;399.98
1608.00;399.98
1609.00;400.28
1610.00;400.26
1611.00;400.40
1612.00;400.35
1613.00;400.47
1614.00;400.70
1615.00;400.67
1616.00;400.90
1617.00;400.85
1618.00;401.11
1619.00;401.22
1620.00;401.13
1621.00;400.97
1622.00;401.02
1623.00;401.09
1624.00;401.08
1625.00;400.94
1626.00;400.87
1627.00;400.80
1628.00;400.92
1629.00;400.92
1630.00;401.06
1631.00;401.20
1632.00;401.08
1633.00;401.09
1634.00;400.99
1635.00;400.85
1636.00;400.58
1637.00;400.49
1638.00;400.14
1639.00;399.84
1640.00;399.77
1641.00;399.59
1642.00;399.75
1643.00;399.41
1644.00;399.10
1645.00;399.03
1646.00;399.06
1647.00;399.03
1648.00;399.08
1649.00;398.87
1650.00;399.00
1651.00;399.03
1652.00;399.20
1653.00;399.12
1654.00;399.29
1655.00;399.11
1656.00;399.08
1657.00;399.28
1658.00;399.19
1659.00;399.08
1660.00;399.12
1661.00;399.20
1662.00;399.42
1663.00;399.69
1664.00;399.88
1665.00;399.77
1666.00;399.79
1667.00;399.56
1668.00;399.69
1669.00;399.79
1670.00;399.97
1671.00;400.18
1672.00;400.25
1673.00;400.38
1674.00;400.45
1675.00;400.73
1676.00;400.65
1677.00;400.63
1678.00;400.72
1679.00;400.60
1680.00;400.70
1681.00;400.60
1682.00;400.48
1683.00;400.59
1684.00;400.70
1685.00;400.58
1686.00;400.62
1687.00;400.63
1688.00;400.56
1689.00;400.59
1690.00;400.57
1691.00;400.51
1692.00;400.58
1693.00;400.54
1694.00;400.61
1695.00;400.45
1696.00;400.36
1697.00;400.27
1698.00;400.05
1699.00;400.18
1700.00;400.03
1701.00;400.06
1702.00;400.10
1703.00;400.10
1704.00;400.10
1705.00;400.08
1706.00;400.26
1707.00;400.41
1708.00;400.22
1709.00;400.16
1710.00;400.21
1711.00;400.17
1712.00;400.07
1713.00;400.29
1714.00;399.99
1715.00;400.26
1716.00;400.39
1717.00;400.45
1718.00;400.54
1719.00;400.70
1720.00;400.83
1721.00;400.75
1722.00;400.72
1723.00;400.68
1724.00;400.55
1725.00;400.46
1726.00;400.33
1727.00;400.30
1728.00;400.14
1729.00;400.16
1730.00;400.15
1731.00;400.09
1732.00;399.86
1733.00;399.99
1734.00;400.12
1735.00;400.13
1736.00;400.15
1737.00;400.28
1738.00;400.13
1739.00;400.37
1740.00;400.25
1741.00;400.20
1742.00;400.24
1743.00;400.01
1744.00;399.89
1745.00;399.83
1746.00;399.98
1747.00;400.17
1748.00;400.19
1749.00;400.24
1750.00;400.23
1751.00;400.24
1752.00;400.23
1753.00;400.28
1754.00;400.28
1755.00;400.24
1756.00;400.29
1757.00;400.36
1758.00;400.15
1759.00;400.00
1760.00;400.11
1761.00;400.05
1762.00;400.00
1763.00;399.96
1764.00;399.83
1765.00;399.71
1766.00;399.68
1767.00;399.52
1768.00;399.62
1769.00;399.56
1770.00;399.70
1771.00;399.55
1772.00;399.45
1773.00;399.46
1774.00;399.45
1775.00;399.35
1776.00;399.51
1777.00;399.50
1778.00;399.55
1779.00;399.54
1780.00;399.60
1781.00;399.56
1782.00;399.74
1783.00;400.09
1784.00;400.24
1785.00;400.13
1786.00;400.19
1787.00;400.18
1788.00;400.09
1789.00;400.17
1790.00;400.20
1791.00;400.26
1792.00;400.38
1793.00;400.63
1794.00;400.60
1795.00;400.67
1796.00;400.57
1797.00;400.54
1798.00;400.57
1799.00;400.62
1800.00;400.85
1801.00;400.74
1802.00;400.77
1803.00;400.69
1804.00;400.60
1805.00;400.50
1806.00;400.49
1807.00;400.33
1808.00;400.18
1809.00;400.12
1810.00;400.25
1811.00;400.37
1812.00;400.50
1813.00;400.55
1814.00;400.55
1815.00;400.54
1816.00;400.37
1817.00;400.39
1818.00;400.20
1819.00;400.40
1820.00;400.30
1821.00;400.32
1822.00;400.30
1823.00;400.39
1824.00;400.40
1825.00;400.25
1826.00;400.17
1827.00;400.16
1828.00;400.15
1829.00;400.08
1830.00;400.37
1831.00;400.42
1832.00;400.48
1833.00;400.46
1834.00;400.26
1835.00;400.06
1836.00;399.84
1837.00;399.67
1838.00;399.71
1839.00;399.64
1840.00;399.62
1841.00;399.69
1842.00;399.58
1843.00;399.75
1844.00;399.63
1845.00;399.67
1846.00;399.82
1847.00;399.89
1848.00;399.76
1849.00;399.69
1850.00;399.67
1851.00;399.83
1852.00;399.72
1853.00;399.81
1854.00;400.04
1855.00;399.83
1856.00;399.66
1857.00;399.70
1858.00;399.72
1859.00;400.01
1860.00;400.10
1861.00;400.25
1862.00;400.10
1863.00;400.27
1864.00;400.33
1865.00;400.31
1866.00;400.45
1867.00;400.44
1868.00;400.33
1869.00;400.27
1870.00;400.16
1871.00;400.00
1872.00;399.90
1873.00;399.92
1874.00;399.88
1875.00;399.88
1876.00;399.89
1877.00;399.95
1878.00;399.93
1879.00;399.79
1880.00;399.93
1881.00;400.13
1882.00;400.18
1883.00;400.17
1884.00;400.07
1885.00;400.05
1886.00;399.95
1887.00;400.07
1888.00;399.96
1889.00;399.81
1890.00;399.87
1891.00;399.76
1892.00;399.84
1893.00;399.85
1894.00;399.62
1895.00;399.60
1896.00;399.63
1897.00;399.72
1898.00;399.82
1899.00;399.93
1900.00;400.01
1901.00;400.03
1902.00;400.03
1903.00;400.09
1904.00;399.96
1905.00;399.81
1906.00;399.66
1907.00;399.40
1908.00;399.43
1909.00;399.33
1910.00;399.45
1911.00;399.60
1912.00;399.56
1913.00;399.60
1914.00;399.83
1915.00;399.75
1916.00;399.99
1917.00;400.05
1918.00;400.04
1919.00;400.41
1920.00;400.44
1921.00;400.44
1922.00;400.33
1923.00;400.26
1924.00;400.38
1925.00;400.42
1926.00;400.31
1927.00;400.17
1928.00;400.24
1929.00;400.38
1930.00;400.59
1931.00;400.61
1932.00;400.77
1933.00;400.79
1934.00;400.91
1935.00;401.03
1936.00;400.85
1937.00;400.87
1938.00;400.84
1939.00;400.83
1940.00;400.98
1941.00;400.74
1942.00;400.68
1943.00;400.60
1944.00;400.55
1945.00;400.71
1946.00;400.74
1947.00;400.75
1948.00;400.73
1949.00;400.54
1950.00;400.55
1951.00;400.52
1952.00;400.54
1953.00;400.40
1954.00;400.28
1955.00;400.07
1956.00;400.12
1957.00;399.94
1958.00;399.87
1959.00;399.76
1960.00;399.66
1961.00;399.79
1962.00;399.89
1963.00;399.94
1964.00;399.83
1965.00;399.63
1966.00;399.69
1967.00;399.68
1968.00;399.70
1969.00;399.59
1970.00;399.56
1971.00;399.43
1972.00;399.35
1973.00;399.44
1974.00;399.66
1975.00;399.56
1976.00;399.60
1977.00;399.72
1978.00;399.71
1979.00;399.93
1980.00;399.92
1981.00;399.96
1982.00;399.99
1983.00;399.93
1984.00;400.13
1985.00;399.99
1986.00;399.98
1987.00;400.12
1988.00;399.92
1989.00;399.93
1990.00;400.08
1991.00;400.08
1992.00;400.05
1993.00;400.16
1994.00;400.12
1995.00;400.01
1996.00;400.24
1997.00;400.29
1998.00;400.28
1999.00;400.09
2000.00;400.09
